<?xml version="1.0" encoding="UTF-8"?>
<!--
  ~ Copyright (c) 2008-2023, Hazelcast, Inc. All Rights Reserved.
  ~
  ~ Licensed under the Apache License, Version 2.0 (the "License");
  ~ you may not use this file except in compliance with the License.
  ~ You may obtain a copy of the License at
  ~
  ~ http://www.apache.org/licenses/LICENSE-2.0
  ~
  ~ Unless required by applicable law or agreed to in writing, software
  ~ distributed under the License is distributed on an "AS IS" BASIS,
  ~ WITHOUT WARRANTIES OR CONDITIONS OF ANY KIND, either express or implied.
  ~ See the License for the specific language governing permissions and
  ~ limitations under the License.
  -->

<!--
  This is a full example hazelcast-client.xml that includes all the
  configuration elements and attributes of a Hazelcast client.

  To use this, rename it to hazelcast-client.xml and place it in
  the directory where you start your Hazelcast client.

  To learn how to configure Hazelcast, please see the schema at
  https://hazelcast.com/schema/client-config/hazelcast-client-config-5.3.xsd
  or the Reference Manual at https://docs.hazelcast.com/
-->

<!--suppress XmlDefaultAttributeValue -->
<hazelcast-client xmlns="http://www.hazelcast.com/schema/client-config"
                  xmlns:xsi="http://www.w3.org/2001/XMLSchema-instance"
                  xsi:schemaLocation="http://www.hazelcast.com/schema/client-config
                  http://www.hazelcast.com/schema/client-config/hazelcast-client-config-5.3.xsd">

    <!--
        You can use the <import> element to load different Hazelcast declarative configuration files you prepared.
        You can import as many XML files as you want and hence compose your Hazelcast configuration
        out of those XML files. If you want to use the <import> element, it should be placed at the top of your
        Hazelcast XML file right after the <hazelcast-client> element, and it should have the required attribute "resource".

        Below is an example where the configuration files you want to include are located at your
        Hazelcast working directory:
        <import resource="your-client-configuration-file.xml"/>

        Below are examples showing a classpath or filesystem location:
        <import resource="file:///etc/hazelcast/your-client-configuration-file-1.xml"/>
        <import resource="classpath:your-client-configuration-file-2.xml"/>

        Below is an example showing property placeholders:
        <import resource="${environment}-your-client-configuration-file.xml"/>

    -->
    <!--
    <import resource="your-client-configuration-XML-file"/>
    -->
    <!--
        The <config-replacers> allow to use variables (placeholders) within the configuration file and use an external
        class to retrieve correct values (replacements).

        It can be used for masking sensitive strings such as passwords for instance.

        Format of a variable is:
        $ PREFIX { STRING_TO_BE_REPLACED }      e.g. $ENC{nnPgTqJCcCQ=:23000:B4y/nlp6M0t3q6YiKImW+w==}

        The PREFIX value depends on the replacer implementation (e.g. "ENC" is used for the EncryptionReplacer)
        The STRING_TO_BE_REPLACED is the value which is provided to replacer implementation.
    -->
    <!--
    <config-replacers fail-if-value-missing="false">
        <replacer class-name="com.hazelcast.config.replacer.EncryptionReplacer">
            <properties>
                <property name="passwordFile">password.txt</property>
                <property name="passwordUserProperties">false</property>
                <property name="cipherAlgorithm">DES</property>
                <property name="keyLengthBits">64</property>
                <property name="secretKeyAlgorithm">DES</property>
                <property name="secretKeyFactoryAlgorithm">PBKDF2WithHmacSHA1</property>
            </properties>
        </replacer>
    </config-replacers>
    -->

    <!--
        Specifies the cluster name. It's sent as part of the client authentication message to Hazelcast
        member(s).
    -->
    <cluster-name>pbbtrain</cluster-name>

    <!--
        When Hazelcast instances are created, they are put in a global registry with their creation names.
        <instance-name> elements gives you the ability to get a specific Hazelcast instance from this registry
        by giving the instance's name.
    -->
    <!--
    <instance-name>CLIENT_NAME</instance-name>
    -->
    <!--
        The <properties> element lets you add properties to some of the Hazelcast elements used to configure some of
        the Hazelcast client modules.
        You can define the name and value of these properties using the sub-element <property>.
        Please check the source of the ClientProperty class for the complete list of the client properties and their
        documentation.
    -->
    <!--
    <properties>
        <property name="hazelcast.client.shuffle.member.list">true</property>
        <property name="hazelcast.client.heartbeat.timeout">60000</property>
        <property name="hazelcast.client.heartbeat.interval">5000</property>
        <property name="hazelcast.client.event.thread.count">5</property>
        <property name="hazelcast.client.event.queue.capacity">1000000</property>
        <property name="hazelcast.client.invocation.timeout.seconds">120</property>
    </properties>
    -->
    <!--
        The <client-labels> element lets you define labels in your Java client, similar to the way it can be done for the
        members. Through the client labels, you can assign special roles for your clients and use these roles to perform
        some actions specific to those client connections.

        You can also group your clients using the client labels. These client groups can be blacklisted in the Hazelcast
        Management Center so that they can be prevented from connecting to a cluster. See the related section in the
        Hazelcast Management Center Reference Manual for more information on this topic.

        You can define the labels with the <label> sub-element.
    -->
    <!--
    <client-labels>
        <label>admin</label>
        <label>foo</label>
    </client-labels>
    -->

    <!--
     The <backup-ack-to-client-enabled> element lets you enable/disable backups ack to client.
     This feature reduces number of hops and increase performance for smart clients.
     It is enabled by default for smart clients. This config has no effect for unisocket clients.
    -->
    <!--
    <backup-ack-to-client-enabled>true</backup-ack-to-client-enabled>
    -->
    <!--
        ===== HAZELCAST NETWORK CONFIGURATION =====

        The configuration to build your Hazelcast's network includes configuration for port, interface, discovery
        mechanism, SSL, encryption, etc. The configuration element's name is <network>.
        It has the following sub-elements:
        * <cluster-members>:
            This configuration lets you define the members in your cluster the client is connecting to. The members
            can be configured with the <address> sub-element.
        * <outbound-ports>:
            By default, Hazelcast lets the system pick up an ephemeral port during socket bind operation. But security
            policies/firewalls may require you to restrict outbound ports to be used by Hazelcast-enabled applications.
            You can specify these ports using <ports> under the element <outbound-ports>. You can give a single
            port number, comma separated multiple ports or port ranges. See the example below.
            <outbound-ports>
                <ports>33000-35000</ports>
                <ports>37000,37001,37002,37003</ports>
                <ports>38000,38500-38600</ports>
            </outbound-ports>
        * <smart-routing>:
            If true, client will route the key based operations to owner of the key at the best effort. Note that it
            uses a cached version of com.hazelcast.core.PartitionService#getPartitions() and doesn't guarantee that
            the operation will always be executed on the owner. The cached table is updated every second.
        * <redo-operation>:
            If true, client will redo the operations that were executing on the server and client lost the connection.
            This can be because of network, or simply because the member died. However it is not clear whether the
            application is performed or not. For idempotent operations this is harmless, but for non idempotent ones
            retrying can cause to undesirable effects. Note that the redo can perform on any member. If false, the
            operation will throw a RuntimeException that is wrapping a java.io.IOException.
        * <connection-timeout>:
            Connection timeout is the timeout value in milliseconds for members to accept client connection requests.
            The following are the example configurations. Its default value is 5000.
        * <socket-options>:
            You can configure the network socket options using this setting. It has the following sub-elements:
            - <tcp-no-delay>: Enables/disables the TCP_NODELAY socket option. Its default value is true.
            - <keep-alive>: Enables/disables the SO_KEEPALIVE socket option. Its default value is true.
            - <reuse-address>: Enables/disables the SO_REUSEADDR socket option. Its default value is true.
            - <linger-seconds>:
                Enables/disables SO_LINGER with the specified linger time in seconds.
                Its default value is 3.
            - <buffer-size>:
                Sets the SO_SNDBUF and SO_RCVBUF options to the specified value in KB for this Socket.
                Its default value is 128.
        * <socket-interceptor>:
            Lets you add custom hooks to join and perform connection procedures (like identity checking using
            Kerberos, etc.). This feature is available only in Hazelcast Enterprise. To be able to use it, you
            should first implement SocketInterceptor interface. Its configuration contains the class you
            implemented and socket interceptor properties. By default, it is disabled. The following is an example:
            <socket-interceptor enabled="true">
                <class-name>
                    com.hazelcast.examples.MySocketInterceptor
                </class-name>
                <properties>
                    <property name="kerberos-host">kerb-host-name</property>
                    <property name="kerberos-config-file">kerb.conf</property>
                </properties>
            </socket-interceptor>
        * <ssl>:
            Allows configuring TLS/SSL communication encryption. This feature is available only in Hazelcast Enterprise.
            The default configuration usually uses JSSE engine available in Java.
            Consult the Hazelcast documentation on how to integrate with OpenSSL/BoringSSL engines.
            <ssl enabled="true">
                <factory-class-name>
                    com.hazelcast.nio.ssl.OpenSSLEngineFactory
                </factory-class-name>
                <properties>
                    <property name="protocol">TLSv1.2</property>
                    <property name="trustCertCollectionFile">/opt/hazelcast/trusted-certs.pem</property>
                    <property name="keyFile">/opt/hazelcast/privkey.pem</property>
                    <property name="keyCertChainFile">/opt/hazelcast/chain.pem</property>
                </properties>
            </ssl>
        * <aws>:
            Set its "enabled" attribute to true for cluster discovery within Amazon EC2.
            Please refer to https://github.com/hazelcast/hazelcast-aws/#configuration for the configuration details.
        * <gcp>:
            Set its "enabled" attribute to true for cluster discovery within the Google Cloud Platform.
            Please refer to https://github.com/hazelcast/hazelcast-gcp/#configuration for the configuration details.
        * <azure>:
            Set its "enabled" attribute to true for cluster discovery within Microsoft Azure.
            Please refer to https://github.com/hazelcast/hazelcast-azure/#configuring-at-hazelcast-side for
            the configuration details.
        * <kubernetes>:
            Set its "enabled" attribute to true for cluster discovery in the Kubernetes environment.
            Please refer to https://github.com/hazelcast/hazelcast-kubernetes#hazelcast-configuration for
            the configuration details.
        * <eureka>:
            Set its "enabled" attribute to true for cluster discovery with using Eureka Service Registry.
            Please refer to https://github.com/hazelcast/hazelcast-eureka#hazelcast-configuration for
            the configuration details.
        * <hazelcast-cloud>:
            Set its "enabled" attribute to true for cluster discovery in the Hazelcast Cloud infrastructure. You need to
            define the mandatory <discovery-token> used by the discovery mechanism.
        * <discovery-strategies>:
            Set its "enabled" attribute to true for cluster discovery in various cloud infrastructures. You also need to set the
            value of "hazelcast.discovery.enabled" property to true. See the description of the <properties> element
            to learn how to do this.
            You can define multiple discovery strategies using the <discovery-strategy> sub-element and its
            properties. Please refer to
            http://docs.hazelcast.org/docs/latest/manual/html-single/index.html#discovering-cluster-members
            to see the properties you can use.
            The following is an example for EC2 cloud.
            <discovery-strategies>
                <discovery-strategy class="com.hazelcast.jclouds.JCloudsDiscoveryStrategy" enabled="true">
                <properties>
                    <property name="provider">aws-ec2</property>
                    <property name="identity">AWS_IDENTITY</property>
                    <property name="credential">AWS_CREDENTIAL</property>
                </properties>
                </discovery-strategy>
            </discovery-strategies>
        * <icmp-ping>:
            ICMP can be used in addition to the other detectors. It operates at OSI layer 3 and detects network
            and hardware issues more quickly. This detector needs to be turned on by setting the "enabled" attribute
            to true. It is turned off by default.

            It has the following sub-elements:
            * <timeout-milliseconds>:
                Number of milliseconds until a ping attempt is considered failed if there was no reply.
                Its default value is 1000 milliseconds.
            * <interval-milliseconds>:
                Interval, in milliseconds, between each ping attempt. 1000ms (1 sec) is also the minimum interval allowed.
                Its default value is 1000 milliseconds.
            * <max-attempts>:
                Maximum number of ping attempts before the member gets suspected by the detector. Its default value is 3.
            * <ttl>:
                Maximum number of hops the packets should go through. Its default value is 255. You can set to 0 to use
                your system’s default TTL.
            * <echo-fail-fast-on-startup>:
                Cluster Member will fail to start if it is unable to action an ICMP ping command when ICMP is enabled.
                Failure is usually due to OS level restrictions.
    -->
    <network>
        <cluster-members>
            <address>127.0.0.1:5701</address>
        </cluster-members>
    </network>

    <!--
        ===== HAZELCAST SECURITY CONFIGURATION =====

        This feature is available only in Hazelcast Enterprise. Configuration element's name is <security>.
        It has one of the following sub-elements:
        * <credentials-factory>:
            Specifies the name and properties of your class that you developed by implementing Hazelcast's Credentials
            interface.
            This element has a mandatory "class-name" attribute where you should define the factory class implementing
            ICredentialsFactory used to create Credentials objects.
            With the <properties> sub-element, you can define properties for the factory class. The properties can be
            defined with the <property> sub-element nested in the <properties>. The <property> element has the attribute
            "name" used to define the name of the attribute. The value of the property is defined in the body.
        * <username-password>
            Defines a static UsernamePasswordCredentials instance as the client's identity. It has mandatory
            "username" and "password" attributes.
        * <token>
            Defines a static TokenCredentials instance as the client's identity. It can have attribute "encoding".
            Content of the element is token value in given encoding (or in plain text).
        * <kerberos>
            Uses Kerberos service ticket (wrapped as GSS-API init token) as the identity.
            It may reference a security realm  in the <realms> section. The realm is used for the Kerberos authentication.
    -->
    <security>
        <username-password username="admin" password="Pbb1223@"/>
    </security>
</hazelcast-client>
